{
"lengthUnit": "mil",
"components": {
	"fields": ["COMPONENT_NO", "COMPONENT_NAME", "LAYER", "X_COORDINATE", "Y_COORDINATE", "ANGLE"],
	"rows": [
		[1, "C1", "B", 3255, 537.56, 90],
		[2, "C2", "B", 3405, 381.61, 90],
		[3, "C3", "B", 2160.71, 911.9, 90],
		[4, "C4", "B", 1911.9, 890.09, 270],
		[5, "C5", "B", 2585, 537.56, 90],
		[6, "C6", "B", 2735, 381.61, 90],
		[7, "C7", "B", 2899.14, 975, 0],
		[8, "C8", "B", 3040.86, 975, 0],
		[9, "C9", "B", 1915, 537.56, 90],
		[10, "C10", "B", 1105, 1720, 270],
		[11, "C11", "B", 1035, 1720, 270],
		[12, "C12", "B", 2065, 381.61, 90],
		[13, "C13", "B", 1245, 537.56, 90],
		[14, "C14", "B", 1395, 381.61, 90],
		[15, "C15", "B", 580, 537.56, 90],
		[16, "C16", "B", 730, 381.61, 90],
		[17, "FPC1", "B", 1540, 1120, 0],
		[18, "Q4", "B", 1060, 995, 0],
		[19, "R1", "B", 3359.76, 510, 270],
		[20, "R2", "B", 3310, 409.17, 0],
		[21, "R3", "B", 2689.76, 510, 270],
		[22, "R4", "B", 2640, 409.17, 0],
		[23, "R5", "B", 2019.76, 510, 270],
		[24, "R6", "B", 1970, 409.17, 0],
		[25, "R7", "B", 1349.76, 510, 270],
		[26, "R8", "B", 1020.63, 1160, 270],
		[27, "R9", "B", 1300, 409.17, 0],
		[28, "R10", "B", 684.76, 510, 270],
		[29, "R11", "B", 635, 409.17, 0],
		[30, "R12", "B", 1099.37, 1145, 270],
		[31, "SW1", "T", 2970, 1415, 0],
		[32, "U1", "B", 2030.71, 901.9, 90],
		[33, "PAD1", "B", 807.04, 1256.38, 0],
		[34, "PAD2", "B", 807.04, 1287.87, 0],
		[35, "PAD3", "B", 807.04, 1319.37, 0],
		[36, "PAD4", "B", 807.04, 1350.86, 0],
		[37, "PAD5", "B", 807.04, 1382.36, 0],
		[38, "PAD6", "B", 807.04, 1413.86, 0],
		[39, "PAD7", "B", 807.04, 1445.35, 0],
		[40, "PAD8", "B", 807.04, 1476.85, 0],
		[41, "PAD9", "B", 807.04, 1508.34, 0],
		[42, "PAD10", "B", 807.04, 1539.84, 0],
		[43, "PAD11", "B", 807.04, 1571.34, 0],
		[44, "PAD12", "B", 807.04, 1602.83, 0],
		[45, "PAD13", "T", 541.5, 409.17, 0],
		[46, "PAD13", "B", 541.5, 409.17, 0],
		[47, "PAD14", "T", 1210.79, 409.17, 0],
		[48, "PAD14", "B", 1210.79, 409.17, 0],
		[49, "PAD15", "T", 1880.08, 409.17, 0],
		[50, "PAD15", "B", 1880.08, 409.17, 0],
		[51, "PAD16", "T", 2549.37, 409.17, 0],
		[52, "PAD16", "B", 2549.37, 409.17, 0],
		[53, "PAD17", "T", 3218.66, 409.17, 0],
		[54, "PAD17", "B", 3218.66, 409.17, 0]
	]
},
"pins": {
	"fields": ["PIN_NO", "PIN_NAME", "PIN_X", "PIN_Y", "LAYER", "PIN_TYPE", "NET_NAME", "NET_TYPE", "PAD_SHAPE", "PAD_SIZEX", "PAD_SIZEY", "HOLE_SIZE", "PAD_ANGLE"],
	"rows": [
		[1, "C1_1", 3255, 510, "B", "SMD", "+3.3V", "", "R", 31.5, 35.43, 0, 90],
		[2, "C1_2", 3255, 565.12, "B", "SMD", "GND", "GND", "R", 31.5, 35.43, 0, 90],
		[3, "C2_1", 3405, 354.05, "B", "SMD", "GND", "GND", "R", 31.5, 35.43, 0, 90],
		[4, "C2_2", 3405, 409.17, "B", "SMD", "$C2_2", "", "R", 31.5, 35.43, 0, 90],
		[5, "C3_1", 2160.71, 884.34, "B", "SMD", "GND", "GND", "R", 31.5, 35.43, 0, 90],
		[6, "C3_2", 2160.71, 939.46, "B", "SMD", "+3.3V", "", "R", 31.5, 35.43, 0, 90],
		[7, "C4_1", 1911.9, 917.65, "B", "SMD", "GND", "GND", "R", 31.5, 35.43, 0, 270],
		[8, "C4_2", 1911.9, 862.53, "B", "SMD", "+5V", "", "R", 31.5, 35.43, 0, 270],
		[9, "C5_1", 2585, 510, "B", "SMD", "+3.3V", "", "R", 31.5, 35.43, 0, 90],
		[10, "C5_2", 2585, 565.12, "B", "SMD", "GND", "GND", "R", 31.5, 35.43, 0, 90],
		[11, "C6_1", 2735, 354.05, "B", "SMD", "GND", "GND", "R", 31.5, 35.43, 0, 90],
		[12, "C6_2", 2735, 409.17, "B", "SMD", "$C6_2", "", "R", 31.5, 35.43, 0, 90],
		[13, "C7_1", 2871.58, 975, "B", "SMD", "ENCODER_A", "", "R", 31.5, 35.43, 0, 0],
		[14, "C7_2", 2926.69, 975, "B", "SMD", "GND", "GND", "R", 31.5, 35.43, 0, 0],
		[15, "C8_1", 3013.31, 975, "B", "SMD", "GND", "GND", "R", 31.5, 35.43, 0, 0],
		[16, "C8_2", 3068.42, 975, "B", "SMD", "ENCODER_B", "", "R", 31.5, 35.43, 0, 0],
		[17, "C9_1", 1915, 510, "B", "SMD", "+3.3V", "", "R", 31.5, 35.43, 0, 90],
		[18, "C9_2", 1915, 565.12, "B", "SMD", "GND", "GND", "R", 31.5, 35.43, 0, 90],
		[19, "C10_1", 1105, 1747.56, "B", "SMD", "GND", "GND", "R", 31.5, 35.43, 0, 270],
		[20, "C10_2", 1105, 1692.44, "B", "SMD", "+3.3V", "", "R", 31.5, 35.43, 0, 270],
		[21, "C11_1", 1035, 1747.56, "B", "SMD", "GND", "GND", "R", 31.5, 35.43, 0, 270],
		[22, "C11_2", 1035, 1692.44, "B", "SMD", "+3.3V", "", "R", 31.5, 35.43, 0, 270],
		[23, "C12_1", 2065, 354.05, "B", "SMD", "GND", "GND", "R", 31.5, 35.43, 0, 90],
		[24, "C12_2", 2065, 409.17, "B", "SMD", "$C12_2", "", "R", 31.5, 35.43, 0, 90],
		[25, "C13_1", 1245, 510, "B", "SMD", "+3.3V", "", "R", 31.5, 35.43, 0, 90],
		[26, "C13_2", 1245, 565.12, "B", "SMD", "GND", "GND", "R", 31.5, 35.43, 0, 90],
		[27, "C14_1", 1395, 354.05, "B", "SMD", "GND", "GND", "R", 31.5, 35.43, 0, 90],
		[28, "C14_2", 1395, 409.17, "B", "SMD", "$C14_2", "", "R", 31.5, 35.43, 0, 90],
		[29, "C15_1", 580, 510, "B", "SMD", "+3.3V", "", "R", 31.5, 35.43, 0, 90],
		[30, "C15_2", 580, 565.12, "B", "SMD", "GND", "GND", "R", 31.5, 35.43, 0, 90],
		[31, "C16_1", 730, 354.05, "B", "SMD", "GND", "GND", "R", 31.5, 35.43, 0, 90],
		[32, "C16_2", 730, 409.17, "B", "SMD", "$C16_2", "", "R", 31.5, 35.43, 0, 90],
		[33, "FPC1_1", 1392.29, 1172.75, "B", "SMD", "BTN1", "", "R", 11.81, 51.18, 0, 0],
		[34, "FPC1_2", 1411.89, 1172.69, "B", "SMD", "BTN2", "", "R", 11.81, 51.18, 0, 0],
		[35, "FPC1_3", 1431.66, 1172.75, "B", "SMD", "BTN3", "", "R", 11.81, 51.18, 0, 0],
		[36, "FPC1_4", 1451.34, 1172.75, "B", "SMD", "BTN4", "", "R", 11.81, 51.18, 0, 0],
		[37, "FPC1_5", 1471.03, 1172.75, "B", "SMD", "BTN5", "", "R", 11.81, 51.18, 0, 0],
		[38, "FPC1_6", 1490.71, 1172.75, "B", "SMD", "ENCODER_B", "", "R", 11.81, 51.18, 0, 0],
		[39, "FPC1_7", 1510.4, 1172.75, "B", "SMD", "ENCODER_A", "", "R", 11.81, 51.18, 0, 0],
		[40, "FPC1_8", 1530.08, 1172.75, "B", "SMD", "ENCODER_BTN", "", "R", 11.81, 51.18, 0, 0],
		[41, "FPC1_9", 1549.77, 1172.75, "B", "SMD", "LCD_BL", "", "R", 11.81, 51.18, 0, 0],
		[42, "FPC1_10", 1569.45, 1172.75, "B", "SMD", "LCD_RESET", "", "R", 11.81, 51.18, 0, 0],
		[43, "FPC1_11", 1589.14, 1172.75, "B", "SMD", "LCD_DC", "", "R", 11.81, 51.18, 0, 0],
		[44, "FPC1_12", 1608.82, 1172.75, "B", "SMD", "LCD_SDA", "", "R", 11.81, 51.18, 0, 0],
		[45, "FPC1_13", 1628.51, 1172.75, "B", "SMD", "LCD_SCL", "", "R", 11.81, 51.18, 0, 0],
		[46, "FPC1_14", 1648.19, 1172.75, "B", "SMD", "LCD_CS", "", "R", 11.81, 51.18, 0, 0],
		[47, "FPC1_15", 1667.88, 1172.76, "B", "SMD", "+5V", "", "R", 11.81, 51.18, 0, 0],
		[48, "FPC1_16", 1687.56, 1172.76, "B", "SMD", "GND", "GND", "R", 11.81, 51.18, 0, 0],
		[49, "FPC1_17", 1325.43, 1067.25, "B", "SMD", "GND", "GND", "R", 62.99, 78.74, 0, 90],
		[50, "FPC1_18", 1754.57, 1067.25, "B", "SMD", "GND", "GND", "R", 62.99, 78.74, 0, 90],
		[51, "Q4_1", 1099.37, 1032.4, "B", "SMD", "$Q4_1", "", "R", 49.21, 27.56, 0, 0],
		[52, "Q4_2", 1099.37, 957.6, "B", "SMD", "GND", "GND", "R", 49.21, 27.56, 0, 0],
		[53, "Q4_3", 1020.63, 995, "B", "SMD", "$Q4_3", "", "R", 49.21, 27.56, 0, 0],
		[54, "R1_1", 3405, 547.4, "B", "SMD", "BTN5", "", "R", 20.95, 42.2, 0, 270],
		[55, "R1_2", 3405, 510, "B", "SMD", "GND", "GND", "R", 20.95, 42.2, 0, 270],
		[56, "R1_3", 3405, 472.6, "B", "SMD", "$C2_2", "", "R", 20.95, 42.2, 0, 270],
		[57, "R1_4", 3314.52, 472.6, "B", "SMD", "+3.3V", "", "R", 20.95, 42.2, 0, 270],
		[58, "R1_5", 3314.52, 510, "B", "SMD", "+3.3V", "", "R", 20.95, 42.2, 0, 270],
		[59, "R1_6", 3314.52, 547.4, "B", "SMD", "GND", "GND", "R", 20.95, 42.2, 0, 270],
		[60, "R2_1", 3280.34, 409.17, "B", "SMD", "TOUCH_PAD_5", "", "R", 31.75, 34.02, 0, 0],
		[61, "R2_2", 3339.66, 409.17, "B", "SMD", "$C2_2", "", "R", 31.75, 34.02, 0, 0],
		[62, "R3_1", 2735, 547.4, "B", "SMD", "BTN4", "", "R", 20.95, 42.2, 0, 270],
		[63, "R3_2", 2735, 510, "B", "SMD", "GND", "GND", "R", 20.95, 42.2, 0, 270],
		[64, "R3_3", 2735, 472.6, "B", "SMD", "$C6_2", "", "R", 20.95, 42.2, 0, 270],
		[65, "R3_4", 2644.52, 472.6, "B", "SMD", "+3.3V", "", "R", 20.95, 42.2, 0, 270],
		[66, "R3_5", 2644.52, 510, "B", "SMD", "+3.3V", "", "R", 20.95, 42.2, 0, 270],
		[67, "R3_6", 2644.52, 547.4, "B", "SMD", "GND", "GND", "R", 20.95, 42.2, 0, 270],
		[68, "R4_1", 2610.34, 409.17, "B", "SMD", "TOUCH_PAD_4", "", "R", 31.75, 34.02, 0, 0],
		[69, "R4_2", 2669.66, 409.17, "B", "SMD", "$C6_2", "", "R", 31.75, 34.02, 0, 0],
		[70, "R5_1", 2065, 547.4, "B", "SMD", "BTN3", "", "R", 20.95, 42.2, 0, 270],
		[71, "R5_2", 2065, 510, "B", "SMD", "GND", "GND", "R", 20.95, 42.2, 0, 270],
		[72, "R5_3", 2065, 472.6, "B", "SMD", "$C12_2", "", "R", 20.95, 42.2, 0, 270],
		[73, "R5_4", 1974.52, 472.6, "B", "SMD", "+3.3V", "", "R", 20.95, 42.2, 0, 270],
		[74, "R5_5", 1974.52, 510, "B", "SMD", "+3.3V", "", "R", 20.95, 42.2, 0, 270],
		[75, "R5_6", 1974.52, 547.4, "B", "SMD", "GND", "GND", "R", 20.95, 42.2, 0, 270],
		[76, "R6_1", 1940.34, 409.17, "B", "SMD", "TOUCH_PAD_3", "", "R", 31.75, 34.02, 0, 0],
		[77, "R6_2", 1999.66, 409.17, "B", "SMD", "$C12_2", "", "R", 31.75, 34.02, 0, 0],
		[78, "R7_1", 1395, 547.4, "B", "SMD", "BTN2", "", "R", 20.95, 42.2, 0, 270],
		[79, "R7_2", 1395, 510, "B", "SMD", "GND", "GND", "R", 20.95, 42.2, 0, 270],
		[80, "R7_3", 1395, 472.6, "B", "SMD", "$C14_2", "", "R", 20.95, 42.2, 0, 270],
		[81, "R7_4", 1304.52, 472.6, "B", "SMD", "+3.3V", "", "R", 20.95, 42.2, 0, 270],
		[82, "R7_5", 1304.52, 510, "B", "SMD", "+3.3V", "", "R", 20.95, 42.2, 0, 270],
		[83, "R7_6", 1304.52, 547.4, "B", "SMD", "GND", "GND", "R", 20.95, 42.2, 0, 270],
		[84, "R8_1", 1020.63, 1198.04, "B", "SMD", "LCD_LED_K", "", "R", 44.59, 54.21, 0, 270],
		[85, "R8_2", 1020.63, 1121.96, "B", "SMD", "$Q4_3", "", "R", 44.59, 54.21, 0, 270],
		[86, "R9_1", 1270.34, 409.17, "B", "SMD", "TOUCH_PAD_2", "", "R", 31.75, 34.02, 0, 0],
		[87, "R9_2", 1329.66, 409.17, "B", "SMD", "$C14_2", "", "R", 31.75, 34.02, 0, 0],
		[88, "R10_1", 730, 547.4, "B", "SMD", "BTN1", "", "R", 20.95, 42.2, 0, 270],
		[89, "R10_2", 730, 510, "B", "SMD", "GND", "GND", "R", 20.95, 42.2, 0, 270],
		[90, "R10_3", 730, 472.6, "B", "SMD", "$C16_2", "", "R", 20.95, 42.2, 0, 270],
		[91, "R10_4", 639.52, 472.6, "B", "SMD", "+3.3V", "", "R", 20.95, 42.2, 0, 270],
		[92, "R10_5", 639.52, 510, "B", "SMD", "+3.3V", "", "R", 20.95, 42.2, 0, 270],
		[93, "R10_6", 639.52, 547.4, "B", "SMD", "GND", "GND", "R", 20.95, 42.2, 0, 270],
		[94, "R11_1", 605.34, 409.17, "B", "SMD", "TOUCH_PAD_1", "", "R", 31.75, 34.02, 0, 0],
		[95, "R11_2", 664.66, 409.17, "B", "SMD", "$C16_2", "", "R", 31.75, 34.02, 0, 0],
		[96, "R12_1", 1099.37, 1174.66, "B", "SMD", "LCD_BL", "", "R", 31.75, 34.02, 0, 270],
		[97, "R12_2", 1099.37, 1115.34, "B", "SMD", "$Q4_1", "", "R", 31.75, 34.02, 0, 270],
		[98, "SW1_6", 2753.47, 1426.82, "T", "DIP", "GND", "GND", "O", 86.61, 137.79, 106.3, 0],
		[99, "SW1_6", 2753.47, 1426.82, "B", "DIP", "GND", "GND", "O", 86.61, 137.79, 106.3, 0],
		[100, "SW1_7", 3186.53, 1424.85, "T", "DIP", "GND", "GND", "O", 86.61, 137.79, 106.3, 0],
		[101, "SW1_7", 3186.53, 1424.85, "B", "DIP", "GND", "GND", "O", 86.61, 137.79, 106.3, 0],
		[102, "SW1_A", 2871.58, 1129.57, "T", "DIP", "ENCODER_A", "", "C", 70.87, 70.87, 43.31, 0],
		[103, "SW1_A", 2871.58, 1129.57, "B", "DIP", "ENCODER_A", "", "C", 70.87, 70.87, 43.31, 0],
		[104, "SW1_B", 3068.42, 1129.57, "T", "DIP", "ENCODER_B", "", "C", 70.87, 70.87, 43.31, 0],
		[105, "SW1_B", 3068.42, 1129.57, "B", "DIP", "ENCODER_B", "", "C", 70.87, 70.87, 43.31, 0],
		[106, "SW1_C", 2969.99, 1129.57, "T", "DIP", "GND", "GND", "C", 70.87, 70.87, 43.31, 0],
		[107, "SW1_C", 2969.99, 1129.57, "B", "DIP", "GND", "GND", "C", 70.87, 70.87, 43.31, 0],
		[108, "SW1_D", 2871.58, 1694.52, "T", "DIP", "ENCODER_BTN", "", "C", 70.87, 70.87, 43.31, 0],
		[109, "SW1_D", 2871.58, 1694.52, "B", "DIP", "ENCODER_BTN", "", "C", 70.87, 70.87, 43.31, 0],
		[110, "SW1_E", 3068.42, 1700.43, "T", "DIP", "GND", "GND", "C", 70.87, 70.87, 43.31, 0],
		[111, "SW1_E", 3068.42, 1700.43, "B", "DIP", "GND", "GND", "C", 70.87, 70.87, 43.31, 0],
		[112, "U1_1", 1993.31, 941.27, "B", "SMD", "GND", "GND", "R", 49.21, 27.56, 0, 90],
		[113, "U1_2", 2068.11, 941.27, "B", "SMD", "+3.3V", "", "R", 49.21, 27.56, 0, 90],
		[114, "U1_3", 2030.71, 862.53, "B", "SMD", "+5V", "", "R", 49.21, 27.56, 0, 90],
		[115, "PAD1_2", 807.04, 1256.38, "B", "SMD", "GND", "GND", "O", 15.75, 196.85, 0, 270],
		[116, "PAD2_3", 807.04, 1287.87, "B", "SMD", "LCD_LED_K", "", "O", 15.75, 196.85, 0, 270],
		[117, "PAD3_4", 807.04, 1319.37, "B", "SMD", "+3.3V", "", "O", 15.75, 196.85, 0, 270],
		[118, "PAD4_5", 807.04, 1350.86, "B", "SMD", "GND", "GND", "O", 15.75, 196.85, 0, 270],
		[119, "PAD5_6", 807.04, 1382.36, "B", "SMD", "LCD_RESET", "", "O", 15.75, 196.85, 0, 270],
		[120, "PAD6_7", 807.04, 1413.86, "B", "SMD", "LCD_DC", "", "O", 15.75, 196.85, 0, 270],
		[121, "PAD7_8", 807.04, 1445.35, "B", "SMD", "LCD_SDA", "", "O", 15.75, 196.85, 0, 270],
		[122, "PAD8_9", 807.04, 1476.85, "B", "SMD", "LCD_SCL", "", "O", 15.75, 196.85, 0, 270],
		[123, "PAD9_10", 807.04, 1508.34, "B", "SMD", "+3.3V", "", "O", 15.75, 196.85, 0, 270],
		[124, "PAD10_11", 807.04, 1539.84, "B", "SMD", "+3.3V", "", "O", 15.75, 196.85, 0, 270],
		[125, "PAD11_12", 807.04, 1571.34, "B", "SMD", "LCD_CS", "", "O", 15.75, 196.85, 0, 270],
		[126, "PAD12_13", 807.04, 1602.83, "B", "SMD", "GND", "GND", "O", 15.75, 196.85, 0, 270],
		[127, "PAD13_1", 541.5, 409.17, "T", "DIP", "TOUCH_PAD_1", "", "C", 59.06, 59.06, 23.62, 0],
		[128, "PAD13_1", 541.5, 409.17, "B", "DIP", "TOUCH_PAD_1", "", "C", 59.06, 59.06, 23.62, 0],
		[129, "PAD14_1", 1210.79, 409.17, "T", "DIP", "TOUCH_PAD_2", "", "C", 59.06, 59.06, 23.62, 0],
		[130, "PAD14_1", 1210.79, 409.17, "B", "DIP", "TOUCH_PAD_2", "", "C", 59.06, 59.06, 23.62, 0],
		[131, "PAD15_1", 1880.08, 409.17, "T", "DIP", "TOUCH_PAD_3", "", "C", 59.06, 59.06, 23.62, 0],
		[132, "PAD15_1", 1880.08, 409.17, "B", "DIP", "TOUCH_PAD_3", "", "C", 59.06, 59.06, 23.62, 0],
		[133, "PAD16_1", 2549.37, 409.17, "T", "DIP", "TOUCH_PAD_4", "", "C", 59.06, 59.06, 23.62, 0],
		[134, "PAD16_1", 2549.37, 409.17, "B", "DIP", "TOUCH_PAD_4", "", "C", 59.06, 59.06, 23.62, 0],
		[135, "PAD17_1", 3218.66, 409.17, "T", "DIP", "TOUCH_PAD_5", "", "C", 59.06, 59.06, 23.62, 0],
		[136, "PAD17_1", 3218.66, 409.17, "B", "DIP", "TOUCH_PAD_5", "", "C", 59.06, 59.06, 23.62, 0]
	]
}
}