{
"lengthUnit": "mil",
"components": {
	"fields": ["COMPONENT_NO", "COMPONENT_NAME", "LAYER", "X_COORDINATE", "Y_COORDINATE", "ANGLE"],
	"rows": [
		[1, "SCREW1", "T", 393.7, 3543.31, 0],
		[2, "SCREW2", "T", 3346.46, 2755.91, 0],
		[3, "SCREW3", "T", 393.7, 393.7, 0],
		[4, "SCREW4", "T", 3346.46, 1181.1, 0],
		[5, "SCREW5", "T", 590.55, 2755.91, 0],
		[6, "SCREW6", "T", 3543.31, 3543.31, 0],
		[7, "SCREW7", "T", 590.55, 1181.1, 0],
		[8, "SCREW8", "T", 3543.31, 393.7, 0]
	]
},
"pins": {
	"fields": ["PIN_NO", "PIN_NAME", "PIN_X", "PIN_Y", "LAYER", "PIN_TYPE", "NET_NAME", "NET_TYPE", "PAD_SHAPE", "PAD_SIZEX", "PAD_SIZEY", "HOLE_SIZE", "PAD_ANGLE"],
	"rows": [
		[1, "SCREW1_1", 391.2, 3545.81, "T", "DIP", "$SCREW1_1", "", "C", 126, 126, 126, 0],
		[2, "SCREW1_1", 391.2, 3545.81, "B", "DIP", "$SCREW1_1", "", "C", 126, 126, 126, 0],
		[3, "SCREW2_1", 3343.96, 2758.41, "T", "DIP", "$SCREW2_1", "", "C", 126, 126, 126, 0],
		[4, "SCREW2_1", 3343.96, 2758.41, "B", "DIP", "$SCREW2_1", "", "C", 126, 126, 126, 0],
		[5, "SCREW3_1", 391.2, 396.2, "T", "DIP", "$SCREW3_1", "", "C", 126, 126, 126, 0],
		[6, "SCREW3_1", 391.2, 396.2, "B", "DIP", "$SCREW3_1", "", "C", 126, 126, 126, 0],
		[7, "SCREW4_1", 3343.96, 1183.6, "T", "DIP", "$SCREW4_1", "", "C", 126, 126, 126, 0],
		[8, "SCREW4_1", 3343.96, 1183.6, "B", "DIP", "$SCREW4_1", "", "C", 126, 126, 126, 0],
		[9, "SCREW5_1", 588.05, 2758.41, "T", "DIP", "$SCREW1_1", "", "C", 126, 126, 126, 0],
		[10, "SCREW5_1", 588.05, 2758.41, "B", "DIP", "$SCREW1_1", "", "C", 126, 126, 126, 0],
		[11, "SCREW6_1", 3540.81, 3545.81, "T", "DIP", "$SCREW2_1", "", "C", 126, 126, 126, 0],
		[12, "SCREW6_1", 3540.81, 3545.81, "B", "DIP", "$SCREW2_1", "", "C", 126, 126, 126, 0],
		[13, "SCREW7_1", 588.05, 1183.6, "T", "DIP", "$SCREW3_1", "", "C", 126, 126, 126, 0],
		[14, "SCREW7_1", 588.05, 1183.6, "B", "DIP", "$SCREW3_1", "", "C", 126, 126, 126, 0],
		[15, "SCREW8_1", 3540.81, 396.2, "T", "DIP", "$SCREW4_1", "", "C", 126, 126, 126, 0],
		[16, "SCREW8_1", 3540.81, 396.2, "B", "DIP", "$SCREW4_1", "", "C", 126, 126, 126, 0]
	]
}
}